scenario,label,effTotalElectricalFuelMassEfficiency,effTotalElectricalFuelMassEfficiency_lowerError,effTotalElectricalFuelMassEfficiency_upperError,
ALA_CBB_H2,"",60709.871587348694,8672.838798192679,1156.378506425688
ARG_CBB_H2,"",88167.63062731645,14140.091704380946,1885.34556058413
ASN_CBB_H2,"",59206.90804561645,9136.868525558093,1218.2491367410767
ASP_CBB_H2,"",40625.40279153409,5803.628970219157,773.8171960292239
Cys_CBB_H2,"",54223.16157713022,6379.195479662383,850.5593972883144
GLN_CBB_H2,"",66085.8435821188,10573.734973139028,1409.8313297518544
GLU_CBB_H2,"",49227.210015251774,7548.172202338603,1006.4229603118147
GLY_CBB_H2,"",55318.25680113892,9648.533162989355,1286.4710883985827
ILE_CBB_H2,"",77335.5711537314,10679.674111705768,1423.9565482274484
LEU_CBB_H2,"",77335.5711537314,10679.674111705768,1423.9565482274484
LYS_CBB_H2,"",83929.0213492909,12886.739498513169,1718.2319331350736
Met_CBB_H2,"",69935.67661764091,7770.630735293409,1036.0840980391222
PHE_CBB_H2,"",77773.02488955049,10818.052334260778,1442.4069779014535
PRO_CBB_H2,"",69637.23935027093,9648.533162989348,1286.471088398568
SER_CBB_H2,"",46864.30393451968,6891.809402135252,918.9079202846988
THR_CBB_H2,"",56756.077429349105,8918.812167469128,1189.1749556625655
TRP_CBB_H2,"",84188.18152020116,12770.117421603543,1702.682322880486
TYR_CBB_H2,"",68765.7888411948,9861.760415210112,1314.9013886946777
VAL_CBB_H2,"",70920.8420527422,9071.270495118195,1209.5027326824202
GLUC_CBB_H2,"",35346.53578803824,4819.982152914301,642.664287055246
BUT_CBB_H2,"",80708.18350045054,9112.214266179915,1214.9619021573308
ALA_CBB_EET,"",66650.76616411067,11491.5114076053,2716.175423615794
ARG_CBB_EET,"",98159.96209841232,19690.77084010064,3820.5973271837283
ASN_CBB_EET,"",65858.54833222274,12784.306440960892,2570.948678209774
ASP_CBB_EET,"",44600.88863613421,7689.808385540389,1817.5910729459065
Cys_CBB_EET,"",59167.03807386855,8452.434010552664,2458.889893978958
GLN_CBB_EET,"",72853.03396492777,14010.19883940919,2929.405211876481
GLU_CBB_EET,"",53572.331752597995,9392.551670910034,2245.357470150222
GLY_CBB_EET,"",61364.67091661224,12954.763860173705,2417.3961270180516
ILE_CBB_EET,"",83537.14743101157,12881.896566464391,3584.2191548564733
LEU_CBB_EET,"",83537.14743101157,12881.896566464391,3584.2191548564733
LYS_CBB_EET,"",91766.80239813018,16461.9836363058,3789.1219588402164
Met_CBB_EET,"",76191.03435955211,10296.085724263801,3182.426496590633
PHE_CBB_EET,"",83679.09670447123,12706.825795864133,3634.54662453763
PRO_CBB_EET,"",75594.15982481219,12006.131266293698,3193.550067465345
SER_CBB_EET,"",51624.24696159441,9253.402757266951,2080.90875402651
THR_CBB_EET,"",61880.340420113185,11172.83924252043,2578.347517504728
TRP_CBB_EET,"",91244.8538139169,15541.70586940342,3874.032254836624
TYR_CBB_EET,"",74021.84060843651,11583.570476892739,3210.523968096677
VAL_CBB_EET,"",76924.37379860223,11363.827947520782,3258.160460477986
GLUC_CBB_EET,"",37467.32793532052,5109.18108208917,1703.0603606963778
BUT_CBB_EET,"",85550.67451047758,9658.947122150683,3888.6670232035394
