Scenario,ATP,NADH,Fdred,Sulfate,CO2,HCO3-,HCO2-,Target Molecule,Target,
Met_RTCA,-12.001901342794676,-10.006246854967525,-8.000427062610811,-0.9999272115145624,-3.0035137198127644,-1.0004564564186906,0,L-Methionine,1.0
ILE_3HP,-29.002234428761895,-15.001259157176303,-4.000063460895567,0,-6.000685820279568,4.336402169755823e-05,0,L-Isoleucine,1.0
VAL_3HP4HB,-18.008970892202495,-12.00683233767538,-4.000566727632062,0,1.001062671865786,-6.004829394376769,0,L-Valine,1.0
ARG_4HB,-40.00326551681064,-4.000690300136838,-22.003211329476084,0,-1.0004325634721842,-3.00065538879998,0,L-Arginine,1.0
LEU_FORM,-35.01013909959985,-12.004290066534818,-3.999671366924048,0,3.000953253922638,-0.0001063361818063562,-18.007120208776,L-Leucine,1.0
ALA_4HB,-10.499656700985804,-2.500052945166573,-6.999993295907842,0,-0.5000869933478915,-1.5000504649348747,0,L-Alanine,1.0
TYR_RTCA,-32.02492156260744,-17.018109708392977,-8.002582818934012,0,-9.009928761016967,-8.162647110639488e-05,0,L-Tyrosine,1.0
Met_3HP4HB,-14.993024359663904,-10.992816910934435,-5.9984840557474515,-0.9989936000049348,0.0001411257984058145,-3.996898369281881,0,L-Methionine,1.0
LYS_3HP4HB,-42.99676117957714,-19.997833198954662,-9.99979335302656,0,7.999408593443274,-15.998184295102872,0,L-Lysine,1.0
GLN_4HB,-20.99999993008583,-2.0000000339657555,-14.000000014855148,0,-1.0000000408897511,-2.0000000130124898,0,L-Glutamine,1.0
GLU_RTCA,-13.001607042746526,-7.99994484822625,-6.000776385782137,0,-3.999950675613956,-1.000010293855097,0,L-Glutamate,1.0
GLY_RTCA,-10.001874440726274,-2.001389838658205,-6.001330315558873,0,-2.0010896813097494,0.0,0,Glycine,1.0
ARG_3HP4HB,-46.97571900874465,-10.987492513437395,-15.996005332803744,0,1.9971575233911603,-7.990191813244828,0,L-Arginine,1.0
Cys_rTCA,-11.000445032074204,-8.000710557819561,-6.000217460673345,-1.0000750999367882,-3.0002763739599123,0.0,0,L-Cysteine,1.0
GLN_FORM,-35.998695800858194,-6.999590757781071,-7.999962094337902,0,1.999916725989955,-0.9999640695500834,-11.9992813294995,L-Glutamine,1.0
THR_3HP,-17.991797422717198,-12.993488473381948,-3.998065758409532,0,0.0007675345752621176,-5.997399543538881,0,L-Threonine,1.0
LEU_WL,-11.000808726829641,-13.007249707034994,-8.002615766465903,0,-6.004197027667896,0.00014143702055272042,0,L-Leucine,1.0
GLY_WL,-9.001570513349453,-2.001389838658205,-6.001330315558873,0,-2.0010896813097494,0.0,0,Glycine,1.0
LYS_3HP,-42.99676117957714,-24.997294881277494,-9.99979335302656,0,7.999408593443274,-15.998184295102872,0,L-Lysine,1.0
GLY_3HP4HB,-12.997585933035818,-2.9990952866961953,-3.9992319408323977,0,1.0000460707159016,-2.9994732308226135,0,Glycine,1.0
GLN_WL,-20.0,-8.0,-10.0,0,-4.0,-1.0,0,L-Glutamine,1.0
PHE_3HP,-47.99944847394848,-31.999589040497764,-4.0000040286171235,0,-7.999848901995916,-5.999954430310584,0,L-Phenyalanine,1.0
GLU_WL,-11.001618257226191,-7.99994484822625,-6.000776385782137,0,-3.999950675613956,-1.000010293855097,0,L-Glutamate,1.0
Cys_3HP4HB,-14.000664436787481,-9.00022900084905,-4.000164118290031,-0.9999820458266466,2.499339098960179e-05,-3.00021708505386,0,L-Cysteine,1.0
TYR_CBB,-36.99285081722874,-18.99789308302989,-3.9991150527736035,0,-8.998735387002924,0.0007824829851468503,0,L-Tyrosine,1.0
GLU_3HP4HB,-18.999999768103976,-8.999999861233063,-3.999999975787375,0,1.999999964143852,-6.9999998863784585,0,L-Glutamate,1.0
LYS_RTCA,-27.983003764421067,-18.980635138429772,-11.99349534046911,0,-6.989860984325554,-0.9981508293217537,0,L-Lysine,1.0
ASN_4HB,-19.499668693163027,-2.4998579565419137,-10.99947239877994,0,-1.4998591996184676,-1.4998368702911,0,L-Asparagine,1.0
LEU_3HP4HB,-23.00232477716383,-15.002378010919816,-3.9997009761850166,0,3.000578003830341,-9.00179009464743,0,L-Leucine,1.0
Cys_CBB,-16.000145924339282,-4.000035140254293,-9.00012716545614,-0.9999858357340621,-3.0000644904645073,0.0,0,L-Cysteine,1.0
ALA_WL,-9.997906953649201,-4.99826011818692,-5.998882322316201,0,-1.9990947878113812,-0.9997574801136514,0,L-Alanine,1.0
TRP_FORM,-75.00103647180441,-30.00204735614237,-7.9983964683999735,0,-7.000611938926914,0,0,Tryptophan,1.0
THR_WL,-9.994292884491704,-8.997342764610735,-7.996329293646282,0,-5.998096052501767,0.0,0,L-Threonine,1.0
Met_CBB,-17.001366480679906,-5.998447508110673,-11.000415333787473,-0.9994566161295306,-2.9998429039084273,-0.9999658560619767,0,L-Methionine,1.0
PHE_RTCA,-42.00055040399921,-28.000432424503504,-8.00002414009714,0,-14.000220264977239,0.0,0,L-Phenyalanine,1.0
ASP_FORM,-18.00009995507407,-5.000478961667067,-3.9995116330890257,0,-0.00010117440096296967,-0.9999424511111048,-6.00071718141811,L-Asparatate,1.0
THR_RTCA,-11.993600983190069,-8.997342764610735,-7.996329293646282,0,-5.998096052501767,0.0,0,L-Threonine,1.0
Cys_WL,-10.000325254495037,-8.000710557819561,-6.000217460673345,-1.0000750999367882,-3.0002763739599123,0.0,0,L-Cysteine,1.0
ALA_3HP4HB,-13.999982269503581,-5.999992420456041,-3.999995274873963,0,0.9999992619532612,-3.999994717623434,0,L-Alanine,1.0
GLY_4HB,-9.500342860161759,0.49940927519383654,-7.000465059101767,0,-0.5005106485335209,-0.5000652508935306,0,Glycine,1.0
PHE_3HP4HB,-47.99944847394848,-29.999604230394233,-4.0000040286171235,0,-7.999848901995916,-5.999954430310584,0,L-Phenyalanine,1.0
ILE_4HB,-12.496119010554454,-4.5004416298666845,-12.999738811636915,0,-1.500722002343577,-1.4994649255144001,0,L-Isoleucine,1.0
TYR_3HP4HB,-35.01402867340361,-19.010660259977435,-3.999584549367771,0,-6.003923490631062,-3.0014955550352758,0,L-Tyrosine,1.0
LEU_CBB,-29.005726691323584,-15.00411027782898,-3.9999120992762953,0,-6.001929173158693,-2.126877373613027e-05,0,L-Leucine,1.0
PHE_WL,-40.000529038494186,-28.000432424503504,-8.00002414009714,0,-14.000220264977239,0.0,0,L-Phenyalanine,1.0
ASP_CBB,-16.00000018757362,-6.000000232845282,-3.9999999105954256,0,-3.0000001492983737,-1.0000000302539662,0,L-Asparatate,1.0
ARG_3HP,-46.97571900874465,-12.984637282472544,-15.996005332803744,0,1.9971575233911603,-7.990191813244828,0,L-Arginine,1.0
ALA_3HP,-15.992247028999714,-5.997047899452165,-3.998518581796107,0,-1.998713702886758,-0.9997235651078143,0,L-Alanine,1.0
GLU_CBB,-23.001737183952358,-8.999996921583472,-4.000852240863441,0,-3.999991769616698,-1.0000146703417696,0,L-Glutamate,1.0
TRP_CBB,-69.03194279039164,-33.01738660121716,-8.001617892321478,0,-16.008427206280153,0,0,Tryptophan,1.0
LYS_FORM,-62.991816680359626,-14.998913256162771,-9.997489853861948,0,7.999859078633373,-0.999670562115927,-29.99820279100895,L-Lysine,1.0
THR_3HP4HB,-17.991797422717198,-10.99435529220232,-3.998065758409532,0,0.0007675345752621176,-5.997399543538881,0,L-Threonine,1.0
PRO_CBB,-22.97274584606223,-10.986910887408666,-3.9973704507843895,0,-3.9938845003258403,-0.9987179851529214,0,L-Proline,1.0
ASP_RTCA,-11.008714632315305,-5.006643008857992,-6.003494109176689,0,-3.003376833930728,-1.0007888650832928,0,L-Asparatate,1.0
GLN_3HP,-27.999999937535478,-10.99999990532989,-8.000000019435086,0,1.9999999789980742,-6.999999938617842,0,L-Glutamine,1.0
THR_Form,-25.99105434145609,-8.997286966401342,-3.9984181465511006,0,9.530356511221876e-05,0.0,-11.996231152639519,L-Threonine,1.0
VAL_CBB,-22.000192831517353,-12.000689046251466,-3.9997591246594157,0,-5.000387171548971,9.419073362586006e-05,0,L-Valine,1.0
PHE_FORM,-56.006926581271934,-28.0051094685831,-3.9998062235810456,0,-8.002730288835279,0.0,-11.999177454267942,L-Phenyalanine,1.0
THR_4HB,-10.991046494868735,-3.9992402371619074,-9.993629632569997,0,-2.9989239646864463,-0.9995791966968064,0,L-Threonine,1.0
TRP_RTCA,-54.022358026763015,-30.018410040853748,-14.000255235500376,0,-16.009490850947675,0,0,Tryptophan,1.0
LYS_4HB,-25.514043485068978,-2.5016237004428175,-25.01323678968977,0,0.4998060509503043,-3.5022916190303466,0,L-Lysine,1.0
TYR_WL,-31.023945203637844,-17.018109708392977,-8.002582818934012,0,-9.009928761016967,-8.162647110639488e-05,0,L-Tyrosine,1.0
LEU_RTCA,-14.002477076400588,-13.007249707034994,-8.002615766465903,0,-6.004197027667896,0.00014143702055272042,0,L-Leucine,1.0
ASN_3HP4HB,-22.997966584432014,-5.998736152612788,-7.999801586738671,0,-0.00033621844813787994,-3.9989740610502267,0,L-Asparagine,1.0
PHE_4HB,-40.969608970407165,-22.97988850129848,-9.997870168889245,0,-10.989727401054088,-0.9996607857214644,0,L-Phenyalanine,1.0
TYR_FORM,-39.01587289495502,-18.012961670371663,-3.999455728612594,0,-6.008117058070484,0.0002557235896097898,-5.9965919860855665,L-Tyrosine,1.0
ASN_3HP,-22.997966584432014,-6.998430827565011,-7.999801586738671,0,-0.00033621844813787994,-3.9989740610502267,0,L-Asparagine,1.0
Met_Form,-19.00899352270677,-10.002385377637102,-6.001548630432214,-0.9997869811548354,0.0005516248482611797,-1.0003170640717522,-6.003829232428977,L-Methionine,1.0
GLN_RTCA,-22.0,-8.0,-8.0,0,-4.0,-1.0,0,L-Glutamine,1.0
Cys_FORM,-17.99478070633811,-7.998963795779888,-3.9981724284512614,-0.9997938510647635,0.00013971928331154968,0.0,-5.999014915412868,L-Cysteine,1.0
SER_CBB,-14.999999855246395,-5.0,-3.9999999276231972,0,-3.0,0.0,0,L-Serine,1.0
GLU_FORM,-27.00021244796776,-7.00009922456033,-3.9999873663909193,0,2.0000072356891985,-1.0000066501460019,-12.000159690374291,L-Glutamate,1.0
ILE_WL,-10.997225637378728,-13.001500592747002,-7.998952233214727,0,-6.001155841687898,0.00030912929931756645,0,L-Isoleucine,1.0
GLY_FORM,-16.999084670132703,-1.9996353994047116,-3.999827138762076,0,1.0000750747921754,0.0,-5.999616927204972,Glycine,1.0
GLY_3HP,-12.997585933035818,-3.998919696970399,-3.9992319408323977,0,1.0000460707159016,-2.9994732308226135,0,Glycine,1.0
PRO_WL,-10.996068514979786,-9.996122307225349,-5.997680931821872,0,-3.997936586151119,-0.9995749954105038,0,L-Proline,1.0
ILE_3HP4HB,-23.000460173555442,-15.000282905201674,-4.000063843526016,0,3.0000996456905,-9.000208674051127,0,L-Isoleucine,1.0
Met_WL,-11.000120137676815,-10.006246854967525,-8.000427062610811,-0.9999272115145624,-3.0035137198127644,-1.0004564564186906,0,L-Methionine,1.0
LEU_3HP,-29.005726691323584,-15.00411027782898,-3.9999120992762953,0,-6.001929173158693,-2.126877373613027e-05,0,L-Leucine,1.0
ASP_WL,-10.006985571457193,-5.006643008857992,-6.003494109176689,0,-3.003376833930728,-1.0007888650832928,0,L-Asparatate,1.0
ASP_3HP,-16.00000018757362,-6.000000232845282,-3.9999999105954256,0,-3.0000001492983737,-1.0000000302539662,0,L-Asparatate,1.0
ASN_FORM,-26.97974685864542,-4.994126265634667,-7.998067440270174,0,-0.001549970334213771,-0.9992814379157191,-5.989558191675433,L-Asparagine,1.0
VAL_WL,-10.000423458875487,-10.005478546896592,-8.002545151766984,0,-5.003423066045871,0.00016640986617946885,0,L-Valine,1.0
ARG_CBB,-51.04300181479249,-11.013620477855643,-16.008848313877284,0,-4.005808054394782,-2.002344592539046,0,L-Arginine,1.0
ALA_CBB,-15.992247028999714,-5.997047899452165,-3.998518581796107,0,-1.998713702886758,-0.9997235651078143,0,L-Alanine,1.0
TRP_3HP,-63.02301572580287,-36.00919821617308,-8.004542304922964,0,-7.000862554551782,0,0,Tryptophan,1.0
GLU_3HP,-23.001737183952358,-8.999996921583472,-4.000852240863441,0,-3.999991769616698,-1.0000146703417696,0,L-Glutamate,1.0
PRO_3HP,-19.0004744390511,-13.000226982452014,-4.000131987014059,0,2.000023827755659,-7.000129485900111,0,L-Proline,1.0
GLN_CBB,-32.0,-9.0,-8.0,0,-4.0,-1.0,0,L-Glutamine,1.0
VAL_3HP,-18.008970892202495,-14.008336358956178,-4.000566727632062,0,1.001062671865786,-6.004829394376769,0,L-Valine,1.0
ARG_WL,-39.07859828513191,-10.066171569833948,-18.03807899926946,0,-4.031854995151167,-2.005923393855619,0,L-Arginine,1.0
TRP_WL,-51.02132303617388,-30.018410040853748,-14.000255235500376,0,-16.009490850947675,0,0,Tryptophan,1.0
ALA_FORM,-17.98343043836717,-4.994978298538215,-3.99833866877495,0,0.999063907093442,-0.9993356710040345,-5.991596906832666,L-Alanine,1.0
ASN_WL,-18.999722912509426,-5.000503786289515,-9.999977493609952,0,-3.000396906317171,-1.0000826934169862,0,L-Asparagine,1.0
TYR_4HB,-31.5139035988621,-15.507921176284224,-7.00410337600558,0,-7.504391766461446,-0.5009737254087602,0,L-Tyrosine,1.0
ASN_CBB,-24.99960893099286,-6.001870737232229,-7.9977748308410535,0,-3.0013216068714463,-1.0002148781828821,0,L-Asparagine,1.0
Cys_4HB,-10.49950674708665,-5.4999820620782325,-6.999609506131635,-1.000057541498301,-1.499926916611761,-0.49996708081934477,0,L-Cysteine,1.0
LYS_WL,-22.988351913700548,-18.980635138429772,-11.99349534046911,0,-6.989860984325554,-0.9981508293217537,0,L-Lysine,1.0
SER_3HP,-13.000001459899668,-6.000000417849382,-4.000000535091608,0,4.981036050358035e-08,-3.000000233829871,0,L-Serine,1.0
Met_4HB,-11.48828709866768,-7.496727197038311,-8.992075047870381,-0.9999495252575715,-1.4978074759165427,-1.4979506821785122,0,L-Methionine,1.0
TRP_3HP4HB,-63.02301572580287,-33.008204539073176,-8.004542304922964,0,-7.000862554551782,0,0,Tryptophan,1.0
ARG_RTCA,-41.09436797445157,-10.066171569833948,-18.03807899926946,0,-4.031854995151167,-2.005923393855619,0,L-Arginine,1.0
ILE_RTCA,-13.99759056037839,-13.001500592747002,-7.998952233214727,0,-6.001155841687898,0.00030912929931756645,0,L-Isoleucine,1.0
PRO_RTCA,-12.995088290776678,-9.996122307225349,-5.997680931821872,0,-3.997936586151119,-0.9995749954105038,0,L-Proline,1.0
VAL_RTCA,-12.0016899050922,-10.005478546896592,-8.002545151766984,0,-5.003423066045871,0.00016640986617946885,0,L-Valine,1.0
SER_RTCA,-10.00111569423628,-4.0005461020991735,-6.000453479955276,0,-3.0002891302305517,0.0,0,L-Serine,1.0
GLY_CBB,-15.009498958506489,-3.0037770140292603,-4.002248494870304,0,-2.002182765223727,0.0,0,Glycine,1.0
ILE_CBB,-29.002234428761895,-15.001259157176303,-4.000063460895567,0,-6.000685820279568,4.336402169755823e-05,0,L-Isoleucine,1.0
LEU_4HB,-12.492618148883484,-4.493278789053479,-12.986067456899441,0,-1.4962524856598445,-1.497747539838693,0,L-Leucine,1.0
ASP_4HB,-10.500321184715053,-2.5004275344830327,-7.000896534934664,0,-1.5004086395871719,-1.5003432641195222,0,L-Asparatate,1.0
ALA_RTCA,-10.997458297296378,-4.99826011818692,-5.998882322316201,0,-1.9990947878113812,-0.9997574801136514,0,L-Alanine,1.0
TRP_4HB,-69.03194279039164,-33.01738660121716,-8.001617892321478,0,-16.008427206280153,0,0,Tryptophan,1.0
GLU_4HB,-11.999999968592107,-2.000000033866961,-10.0000000401732,0,-1.0000000338669606,-2.000000020152655,0,L-Glutamate,1.0
GLN_3HP4HB,-27.999999937535478,-8.999999925306158,-8.000000019435086,0,1.9999999789980742,-6.999999938617842,0,L-Glutamine,1.0
PRO_4HB,-11.999999785116787,-4.000000010318516,-9.999999922443044,0,-1.0000000348865683,-2.000000002127767,0,L-Proline,1.0
ILE_FORM,-34.99826738357259,-12.00230332681794,-3.997121940547616,0,3.0009226711933485,0.0011796715361104748,-18.003543371650224,L-Isoleucine,1.0
PRO_FORM,-27.000058227989825,-9.00001629915681,-4.000002461385498,0,2.000006102690157,-1.000002015707633,-12.000031151864032,L-Proline,1.0
ARG_FORM,-55.02452354811019,-9.006086150822231,-16.004475425437075,0,2.0016025308964314,-2.0006795614141377,-12.009476436650079,L-Arginine,1.0
SER_FORM,-17.00376718141653,-4.0013473366776084,-4.000308569627599,0,0.0,0.0,-6.002021005016412,L-Serine,1.0
VAL_FORM,-25.99872585382227,-10.000151493438084,-3.9996075323247524,0,1.000023603074545,0.0,-11.99976146431243,L-Valine,1.0
VAL_4HB,-11.001092200244917,-5.002130056002995,-10.003542665145202,0,-2.0013152806064083,-1.000627344472763,0,L-Valine,1.0
THR_CBB,-22.00000036472177,-11.000000348759064,-3.999999989020635,0,-6.0000002284006575,0.0,0,L-Threonine,1.0
LYS_CBB,-53.0055392606278,-20.002594383455833,-10.000791237398749,0,-7.0008945352476815,-1.0001770245380313,0,L-Lysine,1.0
PHE_CBB,-52.000307822100076,-30.000129615156542,-4.000095457988363,0,-14.000102716554041,0.0,0,L-Phenyalanine,1.0
TYR_3HP,-35.01402867340361,-20.01118755140429,-3.999584549367771,0,-6.003923490631062,-3.0014955550352758,0,L-Tyrosine,1.0
SER_3HP4HB,-13.000001459899668,-5.000000339906091,-4.000000535091608,0,4.981036050358035e-08,-3.000000233829871,0,L-Serine,1.0
Cys_3HP,-14.000664436787481,-10.000301362533671,-4.000164118290031,-0.9999820458266466,2.499339098960179e-05,-3.00021708505386,0,L-Cysteine,1.0
SER_WL,-9.000979168711485,-4.0005461020991735,-6.000453479955276,0,-3.0002891302305517,0.0,0,L-Serine,1.0
ASP_3HP4HB,-14.000073809148278,-6.000058722254486,-4.000000670623639,0,6.93338170771136e-06,-4.00004630815084,0,L-Asparatate,1.0
ASN_RTCA,-19.999860171913237,-5.000503786289515,-9.999977493609952,0,-3.000396906317171,-1.0000826934169862,0,L-Asparagine,1.0
PRO_3HP4HB,-19.0004744390511,-11.00018649289058,-4.000131987014059,0,2.000023827755659,-7.000129485900111,0,L-Proline,1.0
SER_4HB,-9.50190057350161,-1.4997871367001123,-7.000624693079296,0,-1.4997871367001123,-0.49992764585077576,0,L-Serine,1.0
Met_3HP,-14.993024359663904,-11.99202966521101,-5.9984840557474515,-0.9989936000049348,0.0001411257984058145,-3.996898369281881,0,L-Methionine,1.0
